기준_년분기_코드,상권_구분_코드,상권_구분_코드_명,상권_코드,상권_코드_명,서비스_업종_코드,서비스_업종_코드_명,당월_매출_금액,당월_매출_건수,주중_매출_금액,주말_매출_금액,월요일_매출_금액,화요일_매출_금액,수요일_매출_금액,목요일_매출_금액,금요일_매출_금액,토요일_매출_금액,일요일_매출_금액,시간대_00~06_매출_금액,시간대_06~11_매출_금액,시간대_11~14_매출_금액,시간대_14~17_매출_금액,시간대_17~21_매출_금액,시간대_21~24_매출_금액,남성_매출_금액,여성_매출_금액,연령대_10_매출_금액,연령대_20_매출_금액,연령대_30_매출_금액,연령대_40_매출_금액,연령대_50_매출_금액,연령대_60_이상_매출_금액,주중_매출_건수,주말_매출_건수,월요일_매출_건수,화요일_매출_건수,수요일_매출_건수,목요일_매출_건수,금요일_매출_건수,토요일_매출_건수,일요일_매출_건수,시간대_건수~06_매출_건수,시간대_건수~11_매출_건수,시간대_건수~14_매출_건수,시간대_건수~17_매출_건수,시간대_건수~21_매출_건수,시간대_건수~24_매출_건수,남성_매출_건수,여성_매출_건수,연령대_10_매출_건수,연령대_20_매출_건수,연령대_30_매출_건수,연령대_40_매출_건수,연령대_50_매출_건수,연령대_60_이상_매출_건수
20241,A,골목상권,3110001,이북5도청사,CS100001,한식음식점,385150643,11743,220129223,165021420,33971371,36152447,54147218,47275311,48582876,98450930,66570490,0,3760615,147548112,84453676,144941846,4446394,201770831,121416122,375991,9236194,24711655,57828917,91638059,139396136,7886,3857,1334,1489,1874,1663,1526,2475,1382,0,75,5513,2607,3496,52,6023,4281,26,508,935,1997,3135,3704
20241,A,골목상권,3110001,이북5도청사,CS100009,호프-간이주점,11026440,214,6576206,4450234,88580,354320,81755,2861434,3190117,3206716,1243518,1760462,0,88580,755956,3582143,4839299,7260408,1488313,0,0,0,1926993,2835272,3986456,83,131,9,18,5,10,41,82,49,6,0,9,37,123,39,103,78,0,0,0,32,55,95
20241,A,골목상권,3110001,이북5도청사,CS200001,일반교습학원,52047765,224,50535211,1512554,3574403,15459891,2515615,24519290,4466012,0,1512554,2276791,7928965,8844458,5047152,26437845,1512554,15635027,36412738,0,0,1512554,34183711,16351500,0,216,8,40,48,16,96,16,0,8,8,40,40,16,112,8,48,176,0,0,8,152,64,0
20241,A,골목상권,3110002,독립문역 1번,CS100001,한식음식점,582522265,20630,404509479,178012786,75562663,77489633,85308672,77869429,88279082,109188687,68824099,11057732,11232854,246477299,100242150,182313765,31198465,342458739,194550059,525292,27524637,59441281,105694876,152163982,191658728,16049,4581,2923,3229,3586,3185,3126,2826,1755,101,550,10911,3223,5358,487,11887,7589,17,914,2595,3483,5408,7049
20241,A,골목상권,3110002,독립문역 1번,CS100005,제과점,446525280,40242,350264783,96260497,79201394,47528511,60422175,81338739,81773964,48450353,47810144,0,110453668,75088742,132576193,103889828,24516849,145906968,192218982,2648022,25785241,56384380,85660056,82150633,85497618,29774,10468,5616,5646,6572,5795,6145,5398,5070,0,10677,7237,8222,11472,2634,16005,22755,329,3589,7446,8867,9543,8986
20241,A,골목상권,3110002,독립문역 1번,CS100007,치킨전문점,55508235,1849,37434765,18073470,3050257,6631678,8472190,9783743,9496897,11173131,6900339,2287761,0,0,1288286,26457116,25475072,34352228,14062940,0,7607287,6844616,11440950,15448355,7073958,1303,546,153,264,258,330,298,298,248,58,0,0,61,973,757,1222,492,0,248,293,383,505,286
20241,A,골목상권,3110002,독립문역 1번,CS100010,커피-음료,56568383,6508,43044857,13523526,8397801,8168432,9377199,9273018,7828407,8681256,4842270,0,7838492,18592538,17224309,12913044,0,18943857,31527026,253701,4731119,10154660,8600577,16543735,10187096,5022,1486,968,1056,1139,963,896,967,519,0,905,1981,2047,1575,0,2183,3904,59,508,994,1108,2123,1293
20241,A,골목상권,3110002,독립문역 1번,CS200001,일반교습학원,37534297,89,37534297,0,3438799,0,9235068,17366577,7493853,0,0,0,0,8980091,2032877,24953110,1568219,22071233,15463064,0,0,0,27950734,9583563,0,89,0,13,0,12,42,22,0,0,0,0,20,6,57,6,41,48,0,0,0,65,24,0
20241,A,골목상권,3110002,독립문역 1번,CS200028,미용실,24764115,804,17468851,7295264,3110525,3237117,6198624,1736106,3186479,7295264,0,0,0,4061767,8597344,12105004,0,11631915,13001993,0,3530084,2401614,6368618,7468876,4864715,601,203,102,138,173,73,115,203,0,0,0,166,304,334,0,441,355,0,72,115,285,223,101
20241,A,골목상권,3110002,독립문역 1번,CS300018,의약품,3791674246,118162,3679384786,112289460,735218441,736707095,707498900,754702797,745257553,112289460,0,0,1029866720,1093327521,1359868681,308611324,0,1758443896,2033230350,427449,58058282,143364185,496654966,922891259,2170278105,112633,5529,21691,23100,21798,24645,21399,5529,0,0,27008,35356,42161,13637,0,52308,65854,108,4052,9121,17035,30958,56888
20241,A,골목상권,3110003,세검정초등학교,CS100001,한식음식점,201750678,6261,159454422,42296256,33312946,31539769,33774279,23581987,37245441,38781970,3514286,692144,524446,97859383,24358574,66591007,11725124,104833007,70868177,227147,2908864,15891658,32953185,46218369,77501962,5269,992,1093,1050,1092,883,1151,896,96,15,37,3743,803,1530,133,3590,1845,16,153,429,877,1242,2720
20241,A,골목상권,3110003,세검정초등학교,CS100005,제과점,103945293,10241,74884397,29060896,10096571,16335947,15018367,16804504,16629008,15853466,13207430,0,22488253,27839685,25998399,24134011,3484945,48053769,55891524,358346,5517623,15261039,26824688,29751441,26232156,7496,2745,1107,1649,1616,1596,1528,1365,1380,0,2519,2534,2575,2315,298,4770,5471,97,640,1601,2586,2871,2446
20241,A,골목상권,3110003,세검정초등학교,CS100008,분식전문점,34652870,2774,29312083,5340787,6461105,6478889,6028391,5577891,4765807,5340787,0,0,0,15589643,6206218,12857009,0,17732139,15053530,1401344,1778892,3993347,11410480,10979799,3221808,2383,391,438,593,498,427,427,391,0,0,0,1339,499,936,0,1359,1285,95,168,298,763,1001,321
20241,A,골목상권,3110003,세검정초등학교,CS100009,호프-간이주점,209064985,2379,161767625,47297360,15260988,48005574,51806885,16966445,29727733,27776837,19520523,66226232,0,159515,834831,36065398,105779009,146119283,49856313,2531603,21621085,23363033,20230849,113220202,15008826,1565,814,226,227,301,342,469,447,367,510,0,4,28,668,1169,1259,897,65,369,400,318,654,356
20241,A,골목상권,3110003,세검정초등학교,CS100010,커피-음료,25563951,3528,15604600,9959351,3653277,2902796,2998760,3339174,2710593,4494152,5465199,0,4716014,9306035,8192079,3163852,185971,12084891,12933114,234967,2603974,4615626,4461710,7755583,5346146,2216,1312,459,467,449,472,369,615,697,0,594,1323,1039,536,36,1761,1732,49,395,546,734,1064,705
20241,A,골목상권,3110003,세검정초등학교,CS200001,일반교습학원,119318929,609,99865491,19453438,27360923,15156247,13009533,17404994,26933794,0,19453438,0,10361657,15237219,37681647,45449051,10589355,50478993,67687129,0,0,3453050,84092445,30620627,0,512,97,165,97,56,102,92,0,97,0,56,111,212,184,46,207,398,0,0,23,429,153,0
20241,A,골목상권,3110003,세검정초등학교,CS200003,예술학원,67204717,480,67204717,0,9782416,17122618,18295561,12206198,9797924,0,0,0,0,2978812,41392165,22833740,0,23884100,43320617,0,0,6116834,40021433,21066450,0,480,0,102,103,110,91,74,0,0,0,0,47,268,165,0,194,286,0,0,55,334,91,0
20241,A,골목상권,3110003,세검정초등학교,CS200005,스포츠 강습,149350427,769,140337172,9013255,25316641,36782033,18821796,34528719,24887983,3313697,5699558,0,0,26876200,57194403,53483064,11796760,50567011,95337172,0,0,28630339,104284154,12989690,0,730,39,146,212,93,173,106,13,26,0,0,120,305,290,54,226,530,0,0,172,504,80,0
20241,A,골목상권,3110003,세검정초등학교,CS200028,미용실,55934344,701,46903169,9031175,125409,8878938,518890,2749137,34630795,8529539,501636,0,3252127,17506704,10115417,25060096,0,12935556,42890158,167212,143392,961468,6169518,9775204,38608920,401,300,9,146,18,41,187,266,34,0,87,301,209,104,0,377,320,8,8,34,121,216,310
20241,A,골목상권,3110003,세검정초등학교,CS200031,세탁소,2745327,70,2745327,0,315421,560748,0,0,1869158,0,0,0,1518692,0,514018,712617,0,315421,2429906,0,0,151869,151869,1869159,572430,70,0,23,23,0,0,24,0,0,0,12,0,23,35,0,23,47,0,0,11,12,24,23
20241,A,골목상권,3110003,세검정초등학교,CS300011,일반의류,306952410,398,292875714,14076696,8395600,36224077,78640625,10206279,159409133,13873310,203386,0,1668000,31804532,69932187,203547691,0,1112000,304484506,0,0,6727600,0,31699000,267169906,334,64,55,48,91,50,90,57,7,0,28,56,211,103,0,28,363,0,0,28,0,84,280
20241,A,골목상권,3110004,대신고등학교,CS100001,한식음식점,625250790,10380,364747840,260502950,51191500,61448308,63599996,76868814,111639222,127173505,133329445,0,15223402,160590985,116183637,292801699,40451067,346048189,183890246,114951,16835773,57867806,113541968,159360197,182217736,6905,3475,1119,1111,1431,1500,1744,1629,1846,0,896,3526,1531,3917,510,5151,2939,8,360,820,1578,2516,2810
20241,A,골목상권,3110004,대신고등학교,CS200028,미용실,15340926,629,10901691,4439235,2282792,2240321,1836851,1982877,2558850,4230704,208531,0,0,1182487,5712288,8289753,156398,9938215,5402711,0,647676,2760585,2491322,5879305,3562038,477,152,85,106,95,84,107,147,5,0,0,42,254,328,5,428,201,0,22,96,132,217,162
20241,A,골목상권,3110005,세검정,CS100001,한식음식점,325864461,6809,216374023,109490438,16823710,51955133,39175421,60916276,47503483,68555408,40935030,11136385,2728267,107263250,45357857,113426550,45952152,149247911,123932877,740393,43259037,41908030,35057502,61760106,90455721,4683,2126,265,1146,977,1207,1088,1220,906,139,73,2676,1004,2486,431,3071,2889,9,503,935,1014,1499,1996
20241,A,골목상권,3110005,세검정,CS100009,호프-간이주점,13087867,192,11626312,1461555,1210248,1944332,3597675,2737937,2136120,753924,707631,3313300,0,0,0,1402035,8372532,7770714,4946804,0,9761341,2017079,423256,515843,0,171,21,20,34,46,38,33,14,7,53,0,0,0,40,99,99,86,0,132,32,7,14,0
20241,A,골목상권,3110005,세검정,CS100010,커피-음료,19060169,959,10067348,8992821,1131211,2432606,1747161,3233891,1522479,4166633,4826188,0,4019144,6593125,7434355,1013545,0,7158972,11347546,8768,233859,3944400,7991475,2471023,3856992,382,577,9,85,114,69,105,293,284,0,39,347,485,88,0,496,462,0,32,130,381,121,294
20241,A,골목상권,3110005,세검정,CS200001,일반교습학원,411000000,1208,389822095,21177905,107913894,57557024,56479430,117868612,50003135,15378415,5799490,8678626,29715307,28401859,103209850,212267505,28726853,216385108,194614892,0,0,8883412,226571803,175544785,0,1125,83,329,173,169,304,150,69,14,18,66,85,336,603,100,640,568,0,0,37,746,425,0
20241,A,골목상권,3110005,세검정,CS200028,미용실,25549963,848,19416557,6133406,3950478,5267305,3084378,3773723,3340673,5620816,512590,0,353510,4295151,9261973,10667175,972154,15737825,9812138,481117,1784849,1265850,5663249,10322191,6032707,584,264,89,124,115,124,132,237,27,0,18,150,300,362,18,552,296,27,83,56,231,266,185
20241,A,골목상권,3110005,세검정,CS300011,일반의류,70160816,253,66029446,4131370,0,10872027,10799547,21019253,23338619,4131370,0,0,0,4131370,31601359,34428087,0,0,70160816,0,0,0,0,14785957,55374859,217,36,0,36,37,72,72,36,0,0,0,37,108,108,0,0,253,0,0,0,0,72,181
20241,A,골목상권,3110006,부암동주민센터,CS100010,커피-음료,51426053,4038,25456595,25969458,2272170,2806285,5199995,6282942,8895203,13642291,12327167,133529,0,11125953,18646079,17372922,4147570,20579196,28797052,32701,11401890,13517034,8390104,9995187,6039333,1988,2050,147,256,441,447,697,1058,992,11,0,861,1487,1276,403,1670,2293,5,1035,1254,674,650,345
20241,A,골목상권,3110007,사직공원(한국사회과학도서관),CS100001,한식음식점,20613418,235,16769376,3844042,1017918,5291418,7531522,1744992,1183526,3844042,0,0,0,4428432,630742,10378732,5175512,4095793,3499471,0,1990353,182816,1512006,2897046,1013042,196,39,13,48,60,32,43,39,0,0,0,92,26,92,25,92,74,0,26,12,30,68,30
20241,A,골목상권,3110007,사직공원(한국사회과학도서관),CS100010,커피-음료,2243575,282,1089672,1153903,144801,105361,163958,452434,223118,563429,590474,0,391020,609067,942617,300871,0,1015863,1227712,0,372427,902613,598362,297491,72682,146,136,11,17,28,50,40,74,62,0,62,79,113,28,0,124,158,0,56,113,51,45,17
20241,A,골목상권,3110008,배화여자대학교(박노수미술관),CS100001,한식음식점,730251339,22107,475256993,254994346,85006329,70926954,102721083,97829248,118773379,140399927,114594419,331804,9611438,266970976,93596232,287827612,71913277,330297351,309675957,2018876,78641324,156594071,131052045,150947366,120719626,15985,6122,3247,2213,3556,3415,3554,3242,2880,7,459,10672,3346,7115,508,10409,9867,176,2646,4758,3957,5105,3632
20241,A,골목상권,3110008,배화여자대학교(박노수미술관),CS100003,일식음식점,121787593,6334,83922269,37865324,3156463,22303417,20382282,18253837,19826270,24676821,13188503,0,0,79651440,21426099,20710054,0,51636415,54531677,1615917,24181421,31989336,24509317,17654755,6217346,4473,1861,117,1160,1214,973,1009,1141,720,0,0,3935,1166,1233,0,2902,2889,147,1434,1752,1106,1088,265
20241,A,골목상권,3110008,배화여자대학교(박노수미술관),CS100004,양식음식점,730311981,15485,447551941,282760040,40189430,58907436,164739631,86312944,97402500,141395296,141364744,0,12231992,190157131,128066052,313775994,86080812,211575175,371786172,1167079,143334362,193453596,112081180,90188370,43136764,8840,6645,1183,1387,1732,2069,2469,3540,3105,0,926,5826,3621,4400,712,4945,9786,77,3689,4809,2858,2188,1112
20241,A,골목상권,3110008,배화여자대학교(박노수미술관),CS100005,제과점,49617274,5341,31546751,18070523,1284207,7834292,7567937,6782058,8078257,10884444,7186079,0,1484114,15258928,20089484,12080803,703945,19101634,29463522,547033,4742134,8911619,12448243,13359119,8557009,3361,1980,167,864,795,680,855,1195,785,0,159,1704,2214,1190,74,1912,3384,92,579,1012,1341,1408,865
20241,A,골목상권,3110008,배화여자대학교(박노수미술관),CS100006,패스트푸드점,24000000,1123,13234565,10765435,4539045,3945075,202288,237913,4310244,5219340,5546095,0,4298238,12444997,6489434,555712,211619,5384813,18199686,275888,9766690,8052552,2477925,2253470,757976,659,464,217,172,41,22,207,245,219,0,184,568,313,55,3,213,898,26,454,353,122,120,36
20241,A,골목상권,3110008,배화여자대학교(박노수미술관),CS100007,치킨전문점,78178614,2965,48075887,30102727,6755318,8133215,7476153,9796520,15914681,15372254,14730473,307231,0,3706217,10290321,48237162,15637683,38761872,35865558,749248,7866929,16933827,16231836,20243064,12602527,1780,1185,267,307,305,350,551,598,587,14,0,146,420,1889,496,1467,1406,24,303,667,593,747,537
20241,A,골목상권,3110008,배화여자대학교(박노수미술관),CS100008,분식전문점,215079171,12069,120443203,94635968,9847250,30352006,26153087,24658119,29432741,52288066,42347902,976954,9421044,80390324,63802273,58408228,2080348,68469761,131826611,680157,41871627,67286553,44343212,35623826,10490997,7494,4575,582,1735,1837,1507,1833,2632,1943,10,708,4375,3928,2978,70,3663,7896,82,2541,4015,2400,1874,646
20241,A,골목상권,3110008,배화여자대학교(박노수미술관),CS100009,호프-간이주점,235415585,5921,171423069,63992516,40838569,25786649,29674882,15765395,59357574,36976085,27016431,10632922,6817564,15522782,34577012,69887207,97978098,58367613,114342928,1085916,26008245,68284021,41438532,32087201,3806625,3888,2033,714,816,705,639,1014,1097,936,240,170,790,1575,1661,1485,1744,3634,15,1202,2115,1023,807,216
20241,A,골목상권,3110008,배화여자대학교(박노수미술관),CS100010,커피-음료,1890915589,140049,1067677956,823237633,171369482,172382243,227788730,221611361,274526140,439570937,383666696,0,99010533,558132664,805937761,410622112,17212519,515839479,1343910371,17531246,665205669,621354465,244463800,221160496,90034172,88085,51964,14847,16189,18916,17323,20810,27670,24294,0,13987,45322,52990,26986,764,37612,100563,2548,49071,44806,19894,16266,5589
20241,A,골목상권,3110008,배화여자대학교(박노수미술관),CS200001,일반교습학원,9414226,59,9414226,0,0,2133892,2489540,2845187,1945607,0,0,1066946,1422594,0,4435147,2489539,0,1066946,8347280,0,0,0,5502092,3912134,0,59,0,0,17,16,17,9,0,0,8,8,0,26,17,0,8,51,0,0,0,33,26,0
20241,A,골목상권,3110008,배화여자대학교(박노수미술관),CS200028,미용실,68999374,2052,53865031,15134343,7260213,12731430,10370031,8978944,14524413,13348117,1786226,0,2041409,16766124,27145542,23046299,0,30650393,38348981,1176911,3815216,5434695,16863586,24533703,17175263,1489,563,149,362,277,260,441,477,86,0,107,563,679,703,0,1291,761,65,186,248,491,587,475
20241,A,골목상권,3110008,배화여자대학교(박노수미술관),CS300011,일반의류,51135175,784,26699128,24436047,379360,3597384,5350291,3505814,13866279,9654071,14781976,0,0,2341570,33148254,15645351,0,12898256,38236919,0,3165697,12675873,12453487,20001455,2838663,378,406,13,79,52,65,169,209,197,0,0,65,484,235,0,170,614,0,78,131,208,302,65
20241,A,골목상권,3110008,배화여자대학교(박노수미술관),CS300020,서적,6550008,850,6550008,0,2324301,1081445,1147085,1217030,780147,0,0,0,1239627,1492503,2769791,1048087,0,1384896,4013723,1104043,399220,0,1953058,1920776,21521,850,0,205,140,129,225,151,0,0,0,161,108,420,161,0,151,689,291,161,0,215,161,11
20241,A,골목상권,3110008,배화여자대학교(박노수미술관),CS300021,문구,2896815,480,2065816,830999,519698,426740,506727,308701,303950,484245,346754,0,82581,911845,1093873,808516,0,1289498,1421402,54024,148283,1250141,726398,85731,446323,342,138,91,35,103,52,61,73,65,0,17,152,181,130,0,221,237,17,44,166,105,44,83
20241,A,골목상권,3110008,배화여자대학교(박노수미술관),CS300028,화초,37290425,434,404839,36885586,0,0,0,294141,110698,29212772,7672814,0,351401,20112192,16668692,158140,0,1880213,35410212,0,9766625,10857953,135287,14985221,1545339,12,422,0,0,0,6,6,247,175,0,11,149,271,3,0,63,371,0,94,221,14,60,45
20241,A,골목상권,3110009,자하문터널,CS100001,한식음식점,373447956,7561,218591010,154856946,19555900,47640788,51217461,49261372,50915489,84069023,70787923,0,474320,148232915,75303929,140480392,8956400,139976245,170308364,1018746,31616935,50309808,69641905,80545904,77151306,4509,3052,585,838,1104,931,1051,1715,1337,0,22,3296,1548,2610,85,2951,3920,64,1230,1566,1432,1563,1016
20241,A,골목상권,3110009,자하문터널,CS100004,양식음식점,311222762,3337,127413299,183809463,11835983,28303369,26088765,19709076,41476106,96885420,86924043,1491547,0,78647069,94374964,94814808,41894374,156572096,132522986,307303,43359212,99309708,54979752,45051237,46087869,1565,1772,177,286,333,260,509,895,877,10,0,1054,1007,964,302,1608,1586,8,561,1037,551,567,472
20241,A,골목상권,3110009,자하문터널,CS100010,커피-음료,167554429,7441,60189016,107365413,9530213,1752178,14507115,12592589,21806921,58008082,49357331,4365373,1753933,32453819,84116384,32535692,12329228,56613866,110708907,1672705,46466397,57108545,24212163,24375483,13487479,2728,4713,403,153,654,599,919,2442,2271,103,133,1489,3689,1541,486,2638,4787,92,2131,2491,1085,1075,551
20241,A,골목상권,3110009,자하문터널,CS300001,슈퍼마켓,69156961,5684,49137788,20019173,3115513,10409065,22249247,3226707,10137256,10275219,9743954,0,3933000,25688048,16868657,15812305,6854951,28327397,39863817,115313,1545186,4302097,7631432,18810954,35786233,3481,2203,453,865,947,392,824,1193,1010,0,535,1338,1627,1710,474,2666,2935,62,372,702,951,1344,2171
20241,A,골목상권,3110009,자하문터널,CS300028,화초,14680643,504,11392322,3288321,880479,4456303,2102369,1545331,2407840,3288321,0,0,2425810,1742989,4797713,5714131,0,2785190,11266539,0,1940648,1689082,3144569,6378982,898448,342,162,54,72,72,54,90,162,0,0,18,72,162,252,0,90,378,0,108,54,144,108,54
20241,A,골목상권,3110010,평창동서측,CS100001,한식음식점,23319305,1080,21462220,1857085,3793854,4180074,3291528,4176394,6020370,1857085,0,0,1238153,10554820,5172507,5692989,660836,13818972,7332239,0,63696,589091,5850803,4662541,9985082,977,103,205,182,169,184,237,103,0,0,43,534,245,246,12,512,421,0,8,46,223,182,474
20241,A,골목상권,3110010,평창동서측,CS100005,제과점,251805417,24085,173504794,78300623,29455010,27463272,41990434,35967326,38628752,40460264,37840359,0,51703056,64965477,59334530,71136454,4665900,105963655,127555288,4053900,17313715,34661029,58536444,50649446,68304409,16977,7108,3351,2789,3910,3387,3540,3593,3515,0,4776,5668,5898,7322,421,10012,13206,790,1825,3472,5958,4860,6315
20241,A,골목상권,3110010,평창동서측,CS100008,분식전문점,93595331,8444,68663319,24932012,15546591,12922740,13256142,13172114,13765732,19737165,5194847,0,2594036,27534176,25604237,30422311,7440571,36634953,48823184,3200886,16123076,13512556,23531190,17801914,11288516,6548,1896,1600,963,1288,1356,1341,1395,501,0,82,2427,1964,3225,746,3035,4974,402,1268,1249,2357,1773,962
20241,A,골목상권,3110010,평창동서측,CS100009,호프-간이주점,36917499,925,34441361,2476138,3526229,8535103,6807651,13362674,2209704,2476138,0,3221141,0,3257033,4157114,4197608,22084603,2917390,7345167,718785,2047500,1225783,2859966,1570835,1839687,763,162,19,105,193,239,207,162,0,4,0,249,331,290,51,190,681,120,175,93,231,162,90
20241,A,골목상권,3110010,평창동서측,CS100010,커피-음료,15633537,1645,13439357,2194180,1645636,3565544,3565543,1371363,3291271,2194180,0,0,0,2194181,1919908,7816768,3702680,5348315,5074043,0,0,1234227,3976953,3291271,1919908,1371,274,274,411,275,137,274,274,0,0,0,274,411,686,274,685,548,0,0,137,411,274,411
20241,A,골목상권,3110010,평창동서측,CS200001,일반교습학원,326663585,726,247669444,78994141,81245670,72132336,30599359,35178660,28513419,11912855,67081286,0,22455731,55347124,63555081,120797540,64508109,123828130,202835455,0,0,0,212627383,114036202,0,595,131,140,144,95,108,108,24,107,0,48,108,142,320,108,385,341,0,0,0,498,228,0
20241,A,골목상권,3110010,평창동서측,CS200003,예술학원,6000000,37,4544763,1455237,1152886,0,2477902,326277,587698,1455237,0,0,0,2121902,2399710,1247840,230548,2447446,3552555,0,546507,2029812,3078854,344828,0,28,9,6,0,12,3,7,9,0,0,0,11,12,12,2,13,26,0,4,17,17,1,0
20241,A,골목상권,3110010,평창동서측,CS200028,미용실,15732205,352,10193226,5538979,1992334,955163,1852437,723608,4669684,3106690,2432289,0,752553,6256797,4375417,4154476,192962,6758671,8249926,0,466573,341304,3091242,4328540,6780939,217,135,49,33,20,34,81,77,58,0,20,111,129,87,5,176,166,0,20,15,54,117,137
20241,A,골목상권,3110010,평창동서측,CS200030,피부관리실,12315789,9,12315789,0,0,0,0,12315789,0,0,0,0,0,0,0,12315789,0,0,12315789,0,0,0,0,12315789,0,9,0,0,0,0,9,0,0,0,0,0,0,0,9,0,0,9,0,0,0,0,9,0
20241,A,골목상권,3110010,평창동서측,CS200031,세탁소,86891578,3646,63259654,23631924,12517946,8501620,18099516,10659767,13480805,23631924,0,0,13312492,28607198,22201563,22770325,0,30692051,54724010,0,2505132,11681728,19754591,32648497,18826113,2756,890,528,430,712,538,548,890,0,0,723,1154,929,840,0,1362,2245,0,150,565,996,1167,728
20241,A,골목상권,3110010,평창동서측,CS300001,슈퍼마켓,909984411,48091,621861133,288123278,117806607,104432693,124977602,118505547,156138684,142751516,145371762,474842,97660586,188657091,248952014,307050193,67189685,414981872,439515484,1269136,23346320,93252252,141893720,205051770,389684156,33167,14924,6653,6025,6806,6357,7326,7204,7720,14,5011,8970,11635,18044,4417,23599,23356,264,2599,6380,8869,10647,18197
20241,A,골목상권,3110010,평창동서측,CS300007,육류판매,240970628,3556,170368544,70602084,35403957,17764699,21711232,66074505,29414151,32956974,37645110,0,71915462,44247990,42998880,80847612,960684,97171786,137835977,0,1336565,12977712,34137406,37354577,149201502,2474,1082,529,375,398,752,420,618,464,0,620,640,685,1501,110,1427,2107,0,22,273,546,859,1834
20241,A,골목상권,3110010,평창동서측,CS300021,문구,10079580,1704,8159951,1919629,1626890,1280091,1268873,2155247,1828850,840475,1079154,0,1254592,1872709,2830483,4121796,0,3300318,6014266,555777,347201,1880407,3007019,1257139,2267042,1367,337,275,195,245,366,286,183,154,0,205,358,500,641,0,651,982,85,74,202,623,368,282
20241,A,골목상권,3110012,성곡미술관,CS100001,한식음식점,789026387,17037,669376531,119649856,118110429,133704004,121400595,162734279,133427224,69021542,50628314,0,10845192,352968081,58567872,249618905,117026337,256330039,191937767,1835690,44946088,111334570,106083192,109299953,74768316,13645,3392,2435,2713,2845,2959,2693,1870,1522,0,456,10499,1901,3760,421,7392,6431,97,1582,3647,3200,3253,2040
20241,A,골목상권,3110012,성곡미술관,CS100003,일식음식점,318772243,12694,231149718,87622525,38565306,47316860,46113651,44770440,54383461,48818135,38804390,0,0,177234227,47703839,93834177,0,99399937,178470670,3164259,100284244,89486640,48940218,27476524,8518720,9678,3016,1592,1939,2019,1848,2280,1765,1251,0,0,7215,1933,3546,0,4213,7263,134,4046,3960,1792,1098,449
20241,A,골목상권,3110012,성곡미술관,CS100004,양식음식점,2283123075,21847,1957206549,325916526,284231726,440850889,458706745,407366441,366050748,235366658,90549868,385665,4701477,970293565,195528045,789351360,322862963,597283238,753557346,160083,145628213,410600316,289114404,258045717,247291850,17699,4148,2796,3680,4055,3541,3627,2519,1629,7,170,11472,2805,6148,1245,5576,10543,6,2534,5691,3609,2719,1558
20241,A,골목상권,3110012,성곡미술관,CS100010,커피-음료,426886412,36400,315005670,111880742,42255102,61694248,71946772,69231389,69878159,57436309,54444433,0,29920560,247185472,97656748,52123632,0,144819415,214361379,356221,63774737,120664613,77899237,62466840,34019152,27727,8673,3973,5506,6303,5970,5975,4598,4075,0,2970,20143,9076,4211,0,13995,18291,53,6094,11719,6533,5386,2504
20241,A,골목상권,3110012,성곡미술관,CS200001,일반교습학원,10374254,22,10374254,0,5586137,0,0,4788117,0,0,0,0,0,0,0,4788117,5586137,10374254,0,0,0,0,10374254,0,0,22,0,11,0,0,11,0,0,0,0,0,0,0,11,11,22,0,0,0,0,22,0,0
20241,A,골목상권,3110012,성곡미술관,CS300002,편의점,241175258,35712,195778276,45396982,32052356,42793651,39916974,43137731,37877564,21657587,23739395,16580366,48190492,58598307,39299342,54900871,23605880,135818645,92132049,346349,50548428,80729570,44800413,36415068,15110865,29403,6309,5096,6165,5901,6624,5617,2915,3394,1722,9051,10088,5575,6595,2681,17721,17156,93,9535,12739,5243,5264,2003
20241,A,골목상권,3110013,체부동홍종문가옥,CS100010,커피-음료,31758029,2242,15832934,15925095,1800853,3439489,2675890,3045934,4870768,8096789,7828306,0,0,7782697,10961697,11654296,1359339,6937486,24820543,247779,15671968,10731289,1664240,2529836,912917,1203,1039,178,268,202,221,334,513,526,0,0,607,775,766,94,477,1765,24,1053,765,164,174,62
20241,A,골목상권,3110014,경복고등학교,CS100001,한식음식점,396431732,10274,272995520,123436212,40812593,68742082,57637295,57836773,47966777,56956430,66479782,0,11147973,230226589,53679809,95253249,6124112,195366123,120852079,1025323,7551453,39533660,70044877,90089297,107973590,7860,2414,1336,1899,1402,1875,1348,1196,1218,0,258,6348,1388,2201,79,5621,3050,82,346,1423,2169,2112,2538
20241,A,골목상권,3110014,경복고등학교,CS100010,커피-음료,17494971,1772,9924132,7570839,416947,2913454,2176675,1385509,3031547,3937437,3633402,0,1854252,8974734,6495062,170923,0,5412551,9749067,0,2172790,5378625,2856480,3111828,1641894,980,792,57,244,243,161,275,420,372,0,222,845,684,21,0,570,1051,0,249,560,342,306,166
20241,A,골목상권,3110014,경복고등학교,CS300020,서적,1005856,41,1005856,0,0,601440,285165,119251,0,0,0,0,0,0,1005856,0,0,333903,671953,119251,0,0,0,886605,0,41,0,0,10,21,10,0,0,0,0,0,0,41,0,0,20,21,10,0,0,0,31,0
20241,A,골목상권,3110015,청와대사랑채,CS100004,양식음식점,578553634,3989,356152957,222400677,23855548,84379969,56277863,117233239,74406338,160278394,62122283,8876489,0,143385436,113032336,250655514,62603859,228395821,249143693,0,42623722,207311081,72309108,82304223,72991383,2891,1098,115,773,557,777,669,934,164,13,0,1459,918,1440,159,1134,2434,0,557,1310,743,540,414
20241,A,골목상권,3110015,청와대사랑채,CS100010,커피-음료,264835822,21365,173695361,91140461,35318636,32325689,34044264,31644774,40361998,55415331,35725130,0,7651175,107896640,92138884,57149123,0,77083096,173053024,936498,92736908,80721015,39487719,26593039,9660939,14221,7144,2866,2519,2860,2775,3201,4349,2795,0,1217,8596,7432,4120,0,6310,14366,69,7386,7123,3266,2039,789
20241,A,골목상권,3110016,평창동동측,CS100001,한식음식점,113529352,2448,65222520,48306832,14641442,10974187,15022505,11321611,13262775,21782385,26524447,0,49632,73919152,25744121,13651007,165440,53046687,41860736,0,3270198,10885953,22615099,29481963,28654211,1452,996,292,254,342,260,304,463,533,0,6,1582,557,292,11,1120,971,0,99,226,452,657,657
20241,A,골목상권,3110016,평창동동측,CS100010,커피-음료,74894343,3784,43846346,31047997,11205206,7680200,8442858,8116368,8401714,16043796,15004201,0,1797937,27339481,28833573,16542246,381106,32452180,35967622,90162,4134446,12355080,12084369,25610218,14145529,2339,1445,569,411,399,468,492,724,721,0,43,1291,1572,849,29,1675,1764,11,247,716,652,1114,697
20241,A,골목상권,3110016,평창동동측,CS200005,스포츠 강습,261130793,4374,164340999,96789794,43254738,13232979,28941516,17373911,61537855,63842376,32947418,7021581,47062596,85447238,67587217,40239060,13773101,99321004,161809789,0,0,59544897,181131860,16053537,4400499,2727,1647,729,207,432,279,1080,1080,567,90,801,1485,1179,603,216,1668,2706,0,0,974,3048,271,81
20241,A,골목상권,3110016,평창동동측,CS300002,편의점,58951633,7949,45331587,13620046,8905922,9224286,7769405,9075380,10356594,6903213,6716833,0,9638810,10319697,11258939,20842613,6891574,39647599,15675665,116384,6640399,10909871,10663979,13438619,13554012,6107,1842,1065,1336,1122,1247,1337,826,1016,0,1651,1659,1610,2311,718,5282,2270,16,982,1825,1585,1510,1635
20241,A,골목상권,3110017,정독도서관,CS100001,한식음식점,61094943,219,39143080,21951863,3192003,15294256,7660808,2964003,10032010,9138250,12813613,0,0,20647701,24669626,15777616,0,32148033,10141451,0,3648004,11582413,6219847,9849611,10989612,128,91,18,37,18,18,37,36,55,0,0,92,63,64,0,109,64,0,18,54,36,36,27
20241,A,골목상권,3110017,정독도서관,CS100010,커피-음료,120029106,5539,65197282,54831824,1908541,12908718,17269604,15408054,17702365,31871525,22960299,0,1709645,20814493,49328240,39810356,8366372,41856425,74234682,496430,34739155,35529975,22525317,16026303,6773925,2860,2679,183,548,763,536,830,1563,1116,0,157,1054,2415,1755,158,2468,2897,26,1581,1921,817,729,291
20241,A,골목상권,3110018,중앙고등학교,CS100001,한식음식점,929998305,15804,574794611,355203694,81390831,96492789,113972687,146177472,136760832,228551499,126652195,739450,2228179,304664123,226807249,364807680,30751624,355524295,325076132,952637,92171859,179867217,124503279,137751029,145354404,10751,5053,2014,2002,2209,2502,2024,2972,2081,7,40,6805,3589,5221,142,6176,6803,62,2731,3648,2252,2422,1864
20241,A,골목상권,3110018,중앙고등학교,CS100004,양식음식점,80348393,1365,56369363,23979030,1414624,10289827,16388155,13485562,14791195,18808350,5170680,0,9941,39803645,13045261,24851293,2638253,23893677,35076824,234111,7485763,17181050,13215580,13749139,7104855,943,422,31,116,248,259,289,311,111,0,5,733,237,371,19,471,661,11,245,340,210,214,112
20241,A,골목상권,3110018,중앙고등학교,CS100010,커피-음료,223642378,20274,140090714,83551664,16943107,27594343,32415816,32807741,30329707,44368210,39183454,0,22140196,98170022,85031781,18300379,0,73245215,108598395,370395,23042902,46766471,45838573,36197522,29627744,13177,7097,1564,2741,3023,3171,2678,4158,2939,0,2165,8571,7895,1643,0,7546,10519,64,2211,4633,4801,3579,2781
20241,A,골목상권,3110018,중앙고등학교,CS200028,미용실,6274038,245,5751201,522837,522836,1742788,522837,522837,2439903,522837,0,0,0,2962740,1045673,2265625,0,1219951,5054087,0,522837,0,0,5228364,522837,210,35,35,35,35,35,70,35,0,0,0,105,70,70,0,70,175,0,35,0,0,175,35
20241,A,골목상권,3110018,중앙고등학교,CS300001,슈퍼마켓,436377,109,377046,59331,6380,114836,45934,140356,69540,46571,12760,0,90593,102077,216274,27433,0,286452,149925,0,14673,45934,241795,57418,76557,77,32,6,27,6,19,19,19,13,0,13,19,57,20,0,57,52,0,6,6,72,12,13
20241,A,골목상권,3110018,중앙고등학교,CS300011,일반의류,34781013,100,23375904,11405109,6344213,3481002,448358,0,13102331,7872733,3532376,0,0,9580540,15772500,9427973,0,20588976,14192037,0,4623693,25325017,3938701,501289,392313,54,46,20,10,6,0,18,34,12,0,0,32,53,15,0,34,66,0,12,61,12,6,9
20241,A,골목상권,3110018,중앙고등학교,CS300015,가방,17307154,225,4720133,12587021,4720133,0,0,0,0,3596292,8990729,0,0,6293510,6293511,4720133,0,3596292,13710862,0,3596292,3821060,7192583,2697219,0,90,135,90,0,0,0,0,45,90,0,0,45,90,90,0,90,135,0,45,45,90,45,0
20241,A,골목상권,3110018,중앙고등학교,CS300017,시계및귀금속,300000000,82,300000000,0,0,0,50254702,99745298,150000000,0,0,0,0,150000000,150000000,0,0,0,300000000,0,0,0,0,200254702,99745298,82,0,0,0,14,15,53,0,0,0,0,53,29,0,0,0,82,0,0,0,0,67,15
20241,A,골목상권,3110019,창덕궁,CS100001,한식음식점,108828948,2382,57366798,51462150,3317724,10594944,10917198,11971101,20565831,30183618,21278532,330546,0,9555332,13195616,54044543,31702911,32732472,65522882,0,47996093,36616147,6028961,5631736,1982420,1089,1293,38,206,260,226,359,693,600,5,0,470,769,747,391,773,1499,0,992,886,167,169,56
20241,A,골목상권,3110019,창덕궁,CS100009,호프-간이주점,159434720,5414,111842653,47592067,17840142,17675822,18194169,31741976,26390544,24041162,23550905,5410287,21447761,83388879,23206798,17041708,8939287,46464476,80680546,135951,37809160,47866328,19394211,18326966,3612407,3875,1539,742,770,610,705,1048,832,707,14,1047,2551,1290,438,74,1468,3205,7,1311,2199,472,358,326
20241,A,골목상권,3110019,창덕궁,CS100010,커피-음료,471302246,32898,321148867,150153379,35888037,64942104,101050356,57132723,62135647,92098400,58054979,0,24553007,160260818,191133112,77114341,18240968,140018963,219603223,1054429,72827982,104876931,63925574,69973923,46963350,21134,11764,2546,4163,5049,4137,5239,7939,3825,0,2487,12107,12835,5357,112,11901,18049,141,6433,8481,5293,5365,4236
20241,A,골목상권,3110019,창덕궁,CS300001,슈퍼마켓,3922368,185,3392811,529557,1204544,441194,1151885,207843,387345,502159,27398,0,1485133,1257952,1151885,27398,0,2632550,1132046,0,1295042,27398,66132,1733600,642425,149,36,39,38,35,18,19,27,9,0,95,45,36,9,0,102,74,0,53,9,18,57,38
20241,A,골목상권,3110019,창덕궁,CS300017,시계및귀금속,1533935229,1901,650376283,883558946,46836116,200104163,75542169,170525428,157368407,689038262,194520684,0,8971384,407646229,803620988,313696628,0,934716463,599218766,0,530478311,660906578,169931474,172618866,0,653,1248,64,316,95,67,111,997,251,0,18,454,977,452,0,988,913,0,742,988,107,64,0
20241,A,골목상권,3110020,서울국제고등학교,CS100001,한식음식점,747168263,53786,608373863,138794400,104947835,121226004,128884032,128258473,125057519,92002940,46791460,2467017,13289621,358667802,60352753,286110399,26280671,431800354,252035449,11562805,241566425,86086559,81781530,140346251,122492231,44746,9040,8040,9223,9678,9894,7911,5788,3252,36,960,27278,5386,19564,562,30580,21701,847,23002,5713,4211,11484,7022
20241,A,골목상권,3110020,서울국제고등학교,CS100007,치킨전문점,84937559,5453,52780258,32157301,5823547,9331848,11320542,11960289,14344032,14689340,17467961,15665971,0,0,3286412,36268801,29716375,60446116,23809088,2270797,23673705,14424230,14186968,15424798,14274706,3582,1871,497,689,786,772,838,824,1047,779,0,0,215,2508,1951,3820,1614,136,1700,1141,809,998,649
20241,A,골목상권,3110020,서울국제고등학교,CS100008,분식전문점,96239929,11275,81844034,14395895,13800524,19719545,16352413,16712877,15258675,11001524,3394371,10075375,7555121,52460490,9195554,13541352,3412037,52832633,38049421,638236,29423834,17602272,17019451,17205939,8992321,10395,880,1719,2496,2215,2096,1869,756,124,306,1592,6181,1564,1407,225,6148,4964,112,4577,1934,1544,2026,917
20241,A,골목상권,3110020,서울국제고등학교,CS100010,커피-음료,46903952,13741,37555345,9348607,6136084,8081466,7582714,7658885,8096196,5453608,3894999,0,7635522,20863986,10719272,7685172,0,21005102,25898850,318311,26127370,6762345,2810474,8400222,2485230,11063,2678,1872,2337,2319,2202,2333,1598,1080,0,2687,6092,3001,1961,0,6235,7506,108,7866,1741,675,2637,714
